Longitude,Latitude,Lat,long,Adres,City,Type Lader,
424407,5187607,51.87607,4.24407,Shannonweg 82 Botlek Rotterdam,Rotterdam,Stopcontact EV-Box EVB-P1306034 mennekes,"51.87607,4.24407"
435327,5186611,51.86611,4.35327,Overhage 3 Hoogvliet Rotterdam,Rotterdam,Krachtstroom EV-Box EVB-P1306025 mennekes,"51.86611,4.35327"
435327,5186611,51.86611,4.35327,Overhage 3 Hoogvliet Rotterdam,Rotterdam,Krachtstroom EV-Box EVB-P1306025 mennekes,"51.86611,4.35327"
436847,5186625,51.86625,4.36847,Noordzijdsedijk 143157 Hoogvliet Rotterdam,Rotterdam,Krachtstroom EV-Box EVB-P1309013 mennekes,"51.86625,4.36847"
436847,5186625,51.86625,4.36847,Noordzijdsedijk 143157 Hoogvliet Rotterdam,Rotterdam,Krachtstroom EV-Box EVB-P1309013 mennekes,"51.86625,4.36847"
437725,5186692,51.86692,4.37725,Mandenmakerstraat 84 Hoogvliet Rotterdam,Rotterdam,Krachtstroom EV-Box EVB-P1309027 mennekes,"51.86692,4.37725"
437725,5186692,51.86692,4.37725,Mandenmakerstraat 84 Hoogvliet Rotterdam,Rotterdam,Krachtstroom EV-Box EVB-P1309027 mennekes,"51.86692,4.37725"
4.40097E+14,5.19444E+14,51.94438171,4.400971889,Vareseweg 125 Rotterdam,Rotterdam,Stopcontact NewMotion 02004117 mennekes,"51.9443817138672,4.40097188949584"
4415504,51926176,51.926176,4.415504,Thurledeweg 100 Rotterdam,Rotterdam,Stopcontact McDonalds Spaanse polder schuko,"51.926176,4.415504"
4.42354E+14,5.19446E+13,51.9446402,4.423542023,Sidelingeplein 190 Rotterdam,Rotterdam,Krachtstroom EV-Box EVB-P1239031 mennekes,"51.944640196538,4.42354202270508"
4.42354E+14,5.19446E+13,51.9446402,4.423542023,Sidelingeplein 190 Rotterdam,Rotterdam,Krachtstroom EV-Box EVB-P1239031 mennekes,"51.944640196538,4.42354202270508"
4.4252E+13,5.18975E+13,51.89748435,4.425204992,Directiekade 2 Rotterdam,Rotterdam,Stopcontact ICDuBo schuko,"51.897484346682,4.4252049922943"
442534,5192794,51.92794,4.42534,Breevaartstraat 12 Rotterdam,Rotterdam,Krachtstroom EV-Box EVB-P1243071 mennekes,"51.92794,4.42534"
442534,5192794,51.92794,4.42534,Breevaartstraat 12 Rotterdam,Rotterdam,Krachtstroom EV-Box EVB-P1243071 mennekes,"51.92794,4.42534"
4426326,51937984,51.937984,4.426326,Burgemeester Baumannlaan 95-97 Rotterdam,Rotterdam,Stopcontact Koevermans Tweewielers schuko,"51.937984,4.426326"
4428008,51934884,51.934884,4.428008,Burgemeester Baumannlaan 178 Rotterdam,Rotterdam,Stopcontact Rotterdam Elektrisch schuko,"51.934884,4.428008"
4428163915,51934831307,51.93483131,4.428163915,Burgemeester Baumannlaan 178 Rotterdam,Rotterdam,Krachtstroom E-laad REE048 mennekes,"51.934831307,4.428163915"
4428783,51936354,51.936354,4.428783,Jan Steenstraat 31 Rotterdam,Rotterdam,Krachtstroom E-laad REE017 mennekes,"51.936354,4.428783"
442884,5192018,51.92018,4.42884,Spaanseweg 1 Rotterdam,Rotterdam,Krachtstroom EV-Box EVB-P1250022 mennekes,"51.92018,4.42884"
442884,5192018,51.92018,4.42884,Spaanseweg 1 Rotterdam,Rotterdam,Krachtstroom EV-Box EVB-P1250022 mennekes,"51.92018,4.42884"
4.43175E+14,5.1941E+13,51.94099269,4.431754233,Zestienhovensekade 174 Rotterdam,Rotterdam,Krachtstroom EV-Box EVB-P1243139 mennekes,"51.940992689168,4.43175423322282"
4.43175E+14,5.1941E+13,51.94099269,4.431754233,Zestienhovensekade 174 Rotterdam,Rotterdam,Krachtstroom EV-Box EVB-P1243139 mennekes,"51.940992689168,4.43175423322282"
443237,5192565,51.92565,4.43237,Van Nelleweg 8079 Rotterdam,Rotterdam,Krachtstroom EV-Box EVB-P1335134 mennekes,"51.92565,4.43237"
443596,5185965,51.85965,4.43596,Rhoonse Baan  Rotterdam,Rotterdam,Stopcontact EV-Box EVB-P1250074 mennekes,"51.85965,4.43596"
443977,5190994,51.90994,4.43977,Schippersstraat 20 Rotterdam,Rotterdam,Krachtstroom EV-Box EVB-P1309116 mennekes,"51.90994,4.43977"
443977,5190994,51.90994,4.43977,Schippersstraat 20 Rotterdam,Rotterdam,Krachtstroom EV-Box EVB-P1309116 mennekes,"51.90994,4.43977"
4440038,51927579,51.927579,4.440038,Blijdorplaan 8 Rotterdam,Rotterdam,Krachtstroom E-laad REE095 mennekes,"51.927579,4.440038"
444061,5189907,51.89907,4.44061,Willem Egmondstraat 2 Rotterdam,Rotterdam,Krachtstroom EV-Box EVB-P1250089 mennekes,"51.89907,4.44061"
444061,5189907,51.89907,4.44061,Willem Egmondstraat 2 Rotterdam,Rotterdam,Krachtstroom EV-Box EVB-P1250089 mennekes,"51.89907,4.44061"
4440735,51938253,51.938253,4.440735,Oudedijkse Schiekade 14 Rotterdam,Rotterdam,Krachtstroom E-laad AL804 mennekes,"51.938253,4.440735"
444077,5192884,51.92884,4.44077,Abraham van Stolkweg 3 Rotterdam,Rotterdam,Snellader NewMotion NL-TNM-FC08 chademo,"51.92884,4.44077"
444344,5187217,51.87217,4.44344,Albert Plesmanplein 18 Rotterdam,Rotterdam,Krachtstroom EV-Box EVB-P1309113 mennekes,"51.87217,4.44344"
444344,5187217,51.87217,4.44344,Albert Plesmanplein 18 Rotterdam,Rotterdam,Krachtstroom EV-Box EVB-P1309113 mennekes,"51.87217,4.44344"
4444098,51875643,51.875643,4.444098,Geyssendorfferweg 27 Rotterdam,Rotterdam,Krachtstroom E-laad AL771 mennekes,"51.875643,4.444098"
4444852,51910835,51.910835,4.444852,Gijsingstraat 28 Rotterdam,Rotterdam,Krachtstroom E-laad AL747 mennekes,"51.910835,4.444852"
4446894,51916363,51.916363,4.446894,Vierambachtsstraat 118 Rotterdam,Rotterdam,Stopcontact C. Van De Berg schuko,"51.916363,4.446894"
444785,5192826,51.92826,4.44785,Stadhoudersweg 215 Rotterdam,Rotterdam,Krachtstroom EV-Box EVB-P1317032 mennekes,"51.92826,4.44785"
444785,5192826,51.92826,4.44785,Stadhoudersweg 215 Rotterdam,Rotterdam,Krachtstroom EV-Box EVB-P1317032 mennekes,"51.92826,4.44785"
445008,519146,51.9146,4.45008,Mathenesserlaan 407 Rotterdam,Rotterdam,Krachtstroom EV-Box EVB-P1250124 mennekes,"51.9146,4.45008"
445008,519146,51.9146,4.45008,Mathenesserlaan 407 Rotterdam,Rotterdam,Krachtstroom EV-Box EVB-P1250124 mennekes,"51.9146,4.45008"
445026,5191947,51.91947,4.45026,Virulyplein 5 Rotterdam,Rotterdam,Krachtstroom EV-Box EVB-P1309005 mennekes,"51.91947,4.45026"
445026,5191947,51.91947,4.45026,Virulyplein 5 Rotterdam,Rotterdam,Krachtstroom EV-Box EVB-P1309005 mennekes,"51.91947,4.45026"
445191,519076,51.9076,4.45191,Willem Buytewechstraat 212 Rotterdam,Rotterdam,Krachtstroom EV-Box EVB-P1305095 mennekes,"51.9076,4.45191"
445191,519076,51.9076,4.45191,Willem Buytewechstraat 212 Rotterdam,Rotterdam,Krachtstroom EV-Box EVB-P1305095 mennekes,"51.9076,4.45191"
445241,5187903,51.87903,4.45241,Waalhaven Zuidzijde 2 Rotterdam,Rotterdam,Krachtstroom EV-Box EVB-P1305040 mennekes,"51.87903,4.45241"
445241,5187903,51.87903,4.45241,Waalhaven Zuidzijde 2 Rotterdam,Rotterdam,Krachtstroom EV-Box EVB-P1305040 mennekes,"51.87903,4.45241"
4452647353,51911525286,51.91152529,4.452647353,Korenaarstraat 71 Rotterdam,Rotterdam,Krachtstroom E-laad AL815 mennekes,"51.911525286,4.452647353"
44532,5191353,51.91353,4.4532,Heemraadssingel 259 Rotterdam,Rotterdam,Krachtstroom EV-Box EVB-P1309091 mennekes,"51.91353,4.4532"
44532,5191353,51.91353,4.4532,Heemraadssingel 259 Rotterdam,Rotterdam,Krachtstroom EV-Box EVB-P1309091 mennekes,"51.91353,4.4532"
445333,5191551,51.91551,4.45333,Heemraadssingel 221 Rotterdam,Rotterdam,Krachtstroom EV-Box EVB-P1250002 mennekes,"51.91551,4.45333"
445333,5191551,51.91551,4.45333,Heemraadssingel 221 Rotterdam,Rotterdam,Krachtstroom EV-Box EVB-P1250002 mennekes,"51.91551,4.45333"
445518,518975,51.8975,4.45518,Willingestraat 4 Rotterdam,Rotterdam,Stopcontact EV-Box EVB-P1243087 mennekes,"51.8975,4.45518"
445518,518975,51.8975,4.45518,Willingestraat 4 Rotterdam,Rotterdam,Stopcontact EV-Box EVB-P1243087 mennekes,"51.8975,4.45518"
4455522681,51912168919,51.91216892,4.455522681,Heemraadssingel 267 Rotterdam,Rotterdam,Krachtstroom E-laad AL707 mennekes,"51.912168919,4.455522681"
445571,5191603,51.91603,4.45571,Heemraadssingel 170 Rotterdam,Rotterdam,Krachtstroom EV-Box EVB-P1306026 mennekes,"51.91603,4.45571"
445571,5191603,51.91603,4.45571,Heemraadssingel 170 Rotterdam,Rotterdam,Krachtstroom EV-Box EVB-P1306026 mennekes,"51.91603,4.45571"
445617,5189723,51.89723,4.45617,Willingestraat 4 Rotterdam,Rotterdam,Stopcontact EV-Box EVB-P1243089 mennekes,"51.89723,4.45617"
445617,5189723,51.89723,4.45617,Willingestraat 4 Rotterdam,Rotterdam,Stopcontact EV-Box EVB-P1243089 mennekes,"51.89723,4.45617"
445748,5188652,51.88652,4.45748,Waalstraat 32 Rotterdam,Rotterdam,Krachtstroom EV-Box EVB-P1335187 mennekes,"51.88652,4.45748"
4.45832E+14,5.19141E+14,51.91406866,4.458315102,Mathenesserlaan 306 Rotterdam,Rotterdam,Krachtstroom EV-Box EVB-P1239043 mennekes,"51.9140686626788,4.45831510185235"
4.45832E+14,5.19141E+14,51.91406866,4.458315102,Mathenesserlaan 306 Rotterdam,Rotterdam,Krachtstroom EV-Box EVB-P1239043 mennekes,"51.9140686626788,4.45831510185235"
4.45867E+14,5.1903E+14,51.90299988,4.458670139,Schiehavenkade Rotterdam,Rotterdam,Stopcontact NewMotion 01000337 mennekes,"51.9029998779297,4.45867013931274"
4.45867E+14,5.1903E+14,51.90299988,4.458670139,Schiehavenkade Rotterdam,Rotterdam,Stopcontact NewMotion 01000497 mennekes,"51.9029998779297,4.45867013931274"
4458671,519029813,51.9029813,4.458671,Schiehavenkade Rotterdam,Rotterdam,Stopcontact NewMotion 01000501 mennekes,"51.9029813,4.458671"
4.45868E+12,5.19012E+13,51.90122044,4.458676364,Schiehavenkade 120 Rotterdam,Rotterdam,Krachtstroom Q-Park Schiecentrale mennekes,"51.901220441934,4.458676364418"
445907,5192103,51.92103,4.45907,Beatrijsstraat 8 Rotterdam,Rotterdam,Krachtstroom EV-Box EVB-P1250084 mennekes,"51.92103,4.45907"
445907,5192103,51.92103,4.45907,Beatrijsstraat 8 Rotterdam,Rotterdam,Krachtstroom EV-Box EVB-P1250084 mennekes,"51.92103,4.45907"
445916,519302,51.9302,4.45916,Stadhoudersweg 103 Rotterdam,Rotterdam,Krachtstroom EV-Box EVB-P1309126 mennekes,"51.9302,4.45916"
445916,519302,51.9302,4.45916,Stadhoudersweg 103 Rotterdam,Rotterdam,Krachtstroom EV-Box EVB-P1309126 mennekes,"51.9302,4.45916"
4460234,5190319,51.90319,4.460234,Lloydstraat 13 Rotterdam,Rotterdam,Krachtstroom E-laad AL748 mennekes,"51.90319,4.460234"
446041,5188547,51.88547,4.46041,Schulpplein 36 Rotterdam,Rotterdam,Krachtstroom EV-Box EVB-P1250079 mennekes,"51.88547,4.46041"
446041,5188547,51.88547,4.46041,Schulpplein 36 Rotterdam,Rotterdam,Krachtstroom EV-Box EVB-P1250079 mennekes,"51.88547,4.46041"
4460975,51910864,51.910864,4.460975,Rochussenstraat 230-398 Rotterdam,Rotterdam,Krachtstroom Essent EM-NL-00000599-01-00005 mennekes,"51.910864,4.460975"
4460975,51910864,51.910864,4.460975,Rochussenstraat 230-398 Rotterdam,Rotterdam,Krachtstroom Essent EM-NL-00000599-01-00005 mennekes,"51.910864,4.460975"
446317,5192751,51.92751,4.46317,Lumeystraat 18 Rotterdam,Rotterdam,Krachtstroom EV-Box EVB-P1309012 mennekes,"51.92751,4.46317"
446317,5192751,51.92751,4.46317,Lumeystraat 18 Rotterdam,Rotterdam,Krachtstroom EV-Box EVB-P1309012 mennekes,"51.92751,4.46317"
44634,5192018,51.92018,4.4634,Henegouwerlaan 63- Rotterdam,Rotterdam,Krachtstroom EV-Box EVB-P1306040 mennekes,"51.92018,4.4634"
44634,5192018,51.92018,4.4634,Henegouwerlaan 63- Rotterdam,Rotterdam,Krachtstroom EV-Box EVB-P1306040 mennekes,"51.92018,4.4634"
4463456,51916648,51.916648,4.463456,'s-Gravendijkwal 66 Rotterdam,Rotterdam,Krachtstroom E-laad REE094 mennekes,"51.916648,4.463456"
4464191581,51936760687,51.93676069,4.464191581,Talmastraat 29d Rotterdam,Rotterdam,Krachtstroom E-laad REE241 mennekes,"51.936760687,4.464191581"
446527,5189414,51.89414,4.46527,Grondherenstraat 19 Rotterdam,Rotterdam,Krachtstroom EV-Box EVB-P1250004 mennekes,"51.89414,4.46527"
446527,5189414,51.89414,4.46527,Grondherenstraat 19 Rotterdam,Rotterdam,Krachtstroom EV-Box EVB-P1250004 mennekes,"51.89414,4.46527"
446602,5190542,51.90542,4.46602,Parkhaven 9 Rotterdam,Rotterdam,Krachtstroom EV-Box EVB-P1247093 mennekes,"51.90542,4.46602"
446602,5190542,51.90542,4.46602,Parkhaven 9 Rotterdam,Rotterdam,Krachtstroom EV-Box EVB-P1247093 mennekes,"51.90542,4.46602"
446725,5191475,51.91475,4.46725,Breitnerstraat 65 Rotterdam,Rotterdam,Krachtstroom EV-Box EVB-P1250091 mennekes,"51.91475,4.46725"
446725,5191475,51.91475,4.46725,Breitnerstraat 65 Rotterdam,Rotterdam,Krachtstroom EV-Box EVB-P1250091 mennekes,"51.91475,4.46725"
446815,5192971,51.92971,4.46815,Walenburgerweg 36 Rotterdam,Rotterdam,Stopcontact Fa H.T. Frensch schuko,"51.92971,4.46815"
446842,5191811,51.91811,4.46842,Josephstraat 60 Rotterdam,Rotterdam,Krachtstroom EV-Box EVB-P1309127 mennekes,"51.91811,4.46842"
446842,5191811,51.91811,4.46842,Josephstraat 60 Rotterdam,Rotterdam,Krachtstroom EV-Box EVB-P1309127 mennekes,"51.91811,4.46842"
4.46869E+14,5.19234E+14,51.92337707,4.468686677,Stationsplein 45 Rotterdam,Rotterdam,Krachtstroom EV-Box EVB-P1247055 mennekes,"51.9233770669797,4.46868667724607"
4.46869E+14,5.19234E+14,51.92337707,4.468686677,Stationsplein 45 Rotterdam,Rotterdam,Krachtstroom EV-Box EVB-P1247055 mennekes,"51.9233770669797,4.46868667724607"
446889,5193662,51.93662,4.46889,Bergsingel 95 Rotterdam,Rotterdam,Krachtstroom EV-Box EVB-P1247012 mennekes,"51.93662,4.46889"
446889,5193662,51.93662,4.46889,Bergsingel 95 Rotterdam,Rotterdam,Krachtstroom EV-Box EVB-P1247012 mennekes,"51.93662,4.46889"
447048,5193274,51.93274,4.47048,Bergweg 304 Rotterdam,Rotterdam,Krachtstroom EV-Box EVB-P1250078 mennekes,"51.93274,4.47048"
447048,5193274,51.93274,4.47048,Bergweg 304 Rotterdam,Rotterdam,Krachtstroom EV-Box EVB-P1250078 mennekes,"51.93274,4.47048"
447067,5192629,51.92629,4.47067,Proveniersplein 4 Rotterdam,Rotterdam,Krachtstroom EV-Box EVB-P1247009 mennekes,"51.92629,4.47067"
447067,5192629,51.92629,4.47067,Proveniersplein 4 Rotterdam,Rotterdam,Krachtstroom EV-Box EVB-P1247009 mennekes,"51.92629,4.47067"
447128,519244,51.9244,4.47128,Delftseplein 54 Rotterdam,Rotterdam,Krachtstroom Essent EM-NL-00000599-01-00004 mennekes,"51.9244,4.47128"
447128,519244,51.9244,4.47128,Delftseplein 54 Rotterdam,Rotterdam,Krachtstroom Essent EM-NL-00000599-01-00004 mennekes,"51.9244,4.47128"
447138,5194282,51.94282,4.47138,Lathyrusplein 1 Rotterdam,Rotterdam,Krachtstroom EV-Box EVB-P1247065 mennekes,"51.94282,4.47138"
447138,5194282,51.94282,4.47138,Lathyrusplein 1 Rotterdam,Rotterdam,Krachtstroom EV-Box EVB-P1247065 mennekes,"51.94282,4.47138"
4472025263,51917889062,51.91788906,4.472025263,Westersingel 41 Rotterdam,Rotterdam,Krachtstroom E-laad AL718 mennekes,"51.917889062,4.472025263"
4.47242E+14,5.19171E+14,51.91709059,4.472419601,Westersingel 51 Rotterdam,Rotterdam,Stopcontact EV-Box 11082866 mennekes,"51.9170905919178,4.47241960067754"
4.47242E+14,5.19171E+14,51.91709059,4.472419601,Westersingel 51 Rotterdam,Rotterdam,Stopcontact EV-Box 11082866 mennekes,"51.9170905919178,4.47241960067754"
4472954,51924628,51.924628,4.472954,Delftseplein 31 Rotterdam,Rotterdam,Krachtstroom E-laad REE050 mennekes,"51.924628,4.472954"
447326,5190723,51.90723,4.47326,Kievitslaan 31 Rotterdam,Rotterdam,Krachtstroom EV-Box EVB-P1247010 mennekes,"51.90723,4.47326"
447326,5190723,51.90723,4.47326,Kievitslaan 31 Rotterdam,Rotterdam,Krachtstroom EV-Box EVB-P1247010 mennekes,"51.90723,4.47326"
447358,5192075,51.92075,4.47358,Schouwburgplein 911 Rotterdam,Rotterdam,Krachtstroom EV-Box 11072617 mennekes,"51.92075,4.47358"
447358,5192075,51.92075,4.47358,Schouwburgplein 911 Rotterdam,Rotterdam,Krachtstroom EV-Box 11072617 mennekes,"51.92075,4.47358"
4.47366E+13,5.19228E+12,51.92282213,4.473661132,Karel Doormanstraat 10 Rotterdam,Rotterdam,Krachtstroom Q-Park Weena mennekes,"51.92282212925,4.4736611318772"
44738,5186332,51.86332,4.4738,Driemanssteeweg 638 Rotterdam,Rotterdam,Krachtstroom EV-Box EVB-P1243002 mennekes,"51.86332,4.4738"
44738,5186332,51.86332,4.4738,Driemanssteeweg 638 Rotterdam,Rotterdam,Krachtstroom EV-Box EVB-P1243002 mennekes,"51.86332,4.4738"
4.47382E+14,5.19227E+14,51.92269897,4.47382021,Karel Doormanstraat 10 Rotterdam,Rotterdam,Stopcontact NewMotion 01000565 mennekes,"51.9226989746094,4.47382020950317"
4.47382E+14,5.19227E+14,51.92269897,4.47382021,Karel Doormanstraat 10 Rotterdam,Rotterdam,Stopcontact NewMotion 01000555 mennekes,"51.9226989746094,4.47382020950317"
447396,5186363,51.86363,4.47396,Driemanssteeweg 638 Rotterdam,Rotterdam,Krachtstroom EV-Box EVB-P1250101 mennekes,"51.86363,4.47396"
447396,5186363,51.86363,4.47396,Driemanssteeweg 638 Rotterdam,Rotterdam,Krachtstroom EV-Box EVB-P1250101 mennekes,"51.86363,4.47396"
447397,5186324,51.86324,4.47397,Driemanssteeweg 638 Rotterdam,Rotterdam,Krachtstroom EV-Box EVB-P1247047 mennekes,"51.86324,4.47397"
447397,5186324,51.86324,4.47397,Driemanssteeweg 638 Rotterdam,Rotterdam,Krachtstroom EV-Box EVB-P1247047 mennekes,"51.86324,4.47397"
4474,5196359,51.96359,4.474,Kastanjesingel 24 Rotterdam,Rotterdam,Krachtstroom EV-Box EVB-P1309006 mennekes,"51.96359,4.474"
4474,5196359,51.96359,4.474,Kastanjesingel 24 Rotterdam,Rotterdam,Krachtstroom EV-Box EVB-P1309006 mennekes,"51.96359,4.474"
4474064,5191509,51.91509,4.474064,Westersingel 76 Rotterdam,Rotterdam,Krachtstroom Essent EM-NL-00000599-01-00003 mennekes,"51.91509,4.474064"
4474064,5191509,51.91509,4.474064,Westersingel 76 Rotterdam,Rotterdam,Krachtstroom Essent EM-NL-00000599-01-00003 mennekes,"51.91509,4.474064"
447412,5195483,51.95483,4.47412,Wilgenlei 61 Rotterdam,Rotterdam,Krachtstroom EV-Box EVB-P1247091 mennekes,"51.95483,4.47412"
447412,5195483,51.95483,4.47412,Wilgenlei 61 Rotterdam,Rotterdam,Krachtstroom EV-Box EVB-P1247091 mennekes,"51.95483,4.47412"
4475038,51945438,51.945438,4.475038,Kleiweg 167 Rotterdam,Rotterdam,Stopcontact Tweewielercentrum Kleiweg schuko,"51.945438,4.475038"
447523,5195057,51.95057,4.47523,Ringdijk 92 Rotterdam,Rotterdam,Krachtstroom EV-Box EVB-P1250023 mennekes,"51.95057,4.47523"
447523,5195057,51.95057,4.47523,Ringdijk 92 Rotterdam,Rotterdam,Krachtstroom EV-Box EVB-P1250023 mennekes,"51.95057,4.47523"
4475483681,51914698686,51.91469869,4.475483681,Eendrachtsweg 38 Rotterdam,Rotterdam,Krachtstroom E-laad AL762 mennekes,"51.914698686,4.475483681"
447549,5191857,51.91857,4.47549,Karel Doormanhof 2 Rotterdam,Rotterdam,Krachtstroom EV-Box EVB-P1317037 mennekes,"51.91857,4.47549"
447549,5191857,51.91857,4.47549,Karel Doormanhof 2 Rotterdam,Rotterdam,Krachtstroom EV-Box EVB-P1317037 mennekes,"51.91857,4.47549"
447552,5186316,51.86316,4.47552,Zuiderparkweg 606 Rotterdam,Rotterdam,Krachtstroom EV-Box EVB-P1247110 mennekes,"51.86316,4.47552"
447552,5186316,51.86316,4.47552,Zuiderparkweg 606 Rotterdam,Rotterdam,Krachtstroom EV-Box EVB-P1247110 mennekes,"51.86316,4.47552"
447561,5186349,51.86349,4.47561,Zuiderparkweg 606 Rotterdam,Rotterdam,Krachtstroom EV-Box EVB-P1250103 mennekes,"51.86349,4.47561"
447561,5186349,51.86349,4.47561,Zuiderparkweg 606 Rotterdam,Rotterdam,Krachtstroom EV-Box EVB-P1250103 mennekes,"51.86349,4.47561"
447568,518635,51.8635,4.47568,Zuiderparkweg 606 Rotterdam,Rotterdam,Krachtstroom EV-Box EVB-P1250111 mennekes,"51.8635,4.47568"
447568,518635,51.8635,4.47568,Zuiderparkweg 606 Rotterdam,Rotterdam,Krachtstroom EV-Box EVB-P1250111 mennekes,"51.8635,4.47568"
44757702,519177788,51.9177788,4.4757702,Oude Binnenweg 59 Rotterdam,Rotterdam,Stopcontact NewMotion 02000763 mennekes,"51.9177788,4.4757702"
447592,519001,51.9001,4.47592,Kabelhof 99 Rotterdam,Rotterdam,Stopcontact EV-Box EVB-P1247008 mennekes,"51.9001,4.47592"
447627,5189913,51.89913,4.47627,Staalstraat 91 Rotterdam,Rotterdam,Krachtstroom EV-Box EVB-P1309118 mennekes,"51.89913,4.47627"
447627,5189913,51.89913,4.47627,Staalstraat 91 Rotterdam,Rotterdam,Krachtstroom EV-Box EVB-P1309118 mennekes,"51.89913,4.47627"
44768188,519185379,51.9185379,4.4768188,Crispijnstraat 8 Rotterdam,Rotterdam,Stopcontact NewMotion 02000802 mennekes,"51.9185379,4.4768188"
44768188,519185379,51.9185379,4.4768188,Crispijnstraat 8 Rotterdam,Rotterdam,Stopcontact NewMotion 02000849 mennekes,"51.9185379,4.4768188"
447704,5190644,51.90644,4.47704,Zeemansstraat 13 Rotterdam,Rotterdam,Krachtstroom EV-Box EVB-P1247084 mennekes,"51.90644,4.47704"
447704,5190644,51.90644,4.47704,Zeemansstraat 13 Rotterdam,Rotterdam,Krachtstroom EV-Box EVB-P1247084 mennekes,"51.90644,4.47704"
4.47709E+13,5.19185E+13,51.91850597,4.477090985,Crispijnstraat 6 Rotterdam,Rotterdam,Krachtstroom Interparking Lijnbaan mennekes,"51.918505967961,4.4770909845829"
447743,519079,51.9079,4.47743,Veerhaven 2 Rotterdam,Rotterdam,Krachtstroom EV-Box EVB-P1239092 mennekes,"51.9079,4.47743"
447743,519079,51.9079,4.47743,Veerhaven 2 Rotterdam,Rotterdam,Krachtstroom EV-Box EVB-P1239092 mennekes,"51.9079,4.47743"
4.47809E+13,5.1921E+13,51.9210456,4.478091394,Aert van Nesstraat 16 Rotterdam,Rotterdam,Krachtstroom Q-Park De Bijenkorf mennekes,"51.921045601044,4.4780913944775"
4.4781E+14,5.1921E+14,51.92100143,4.478099823,Aert van Neshof 12 Rotterdam,Rotterdam,Stopcontact NewMotion 01000546 mennekes,"51.9210014343262,4.47809982299805"
4.4781E+14,5.1921E+14,51.92100143,4.478099823,Aert van Neshof 12 Rotterdam,Rotterdam,Stopcontact NewMotion 01000603 mennekes,"51.9210014343262,4.47809982299805"
4479021,5191368,51.91368,4.479021,Schiedamsesingel 132 Rotterdam,Rotterdam,Krachtstroom Essent EM-NL-00000599-01-00002 mennekes,"51.91368,4.479021"
4479021,5191368,51.91368,4.479021,Schiedamsesingel 132 Rotterdam,Rotterdam,Krachtstroom Essent EM-NL-00000599-01-00002 mennekes,"51.91368,4.479021"
448071,5194538,51.94538,4.48071,Kleiweg 45 Rotterdam,Rotterdam,Krachtstroom EV-Box EVB-P1338032 mennekes,"51.94538,4.48071"
448071,5194538,51.94538,4.48071,Kleiweg 45 Rotterdam,Rotterdam,Krachtstroom EV-Box EVB-P1338032 mennekes,"51.94538,4.48071"
448113,5190942,51.90942,4.48113,Willemsplein 492 Rotterdam,Rotterdam,Stopcontact EV-Box EVB-P1328136 mennekes,"51.90942,4.48113"
448126,5191642,51.91642,4.48126,Schilderstraat 57 Rotterdam,Rotterdam,Krachtstroom EV-Box EVB-P1247004 mennekes,"51.91642,4.48126"
448126,5191642,51.91642,4.48126,Schilderstraat 57 Rotterdam,Rotterdam,Krachtstroom EV-Box EVB-P1247004 mennekes,"51.91642,4.48126"
4.48156E+13,5.19192E+13,51.91920061,4.48155528,Bulgersteyn 5 Rotterdam,Rotterdam,Krachtstroom Q-Park Beursplein mennekes,"51.919200607591,4.4815552803566"
4.48163E+14,5.19192E+14,51.9192276,4.481627464,Bulgersteyn 7349 Rotterdam,Rotterdam,Stopcontact NewMotion 01000544 mennekes,"51.9192276000977,4.48162746429443"
4.48163E+14,5.19192E+14,51.9192009,4.481629848,Bulgersteyn 5 Rotterdam,Rotterdam,Stopcontact NewMotion 01000542 mennekes,"51.9192008972167,4.48162984848022"
448163,5191195,51.91195,4.48163,Zalmstraat 1 Rotterdam,Rotterdam,Krachtstroom EV-Box EVB-P1317047 mennekes,"51.91195,4.48163"
448163,5191195,51.91195,4.48163,Zalmstraat 1 Rotterdam,Rotterdam,Krachtstroom EV-Box EVB-P1317047 mennekes,"51.91195,4.48163"
448193,5193144,51.93144,4.48193,Tollensstraat 41 Rotterdam,Rotterdam,Krachtstroom EV-Box EVB-P1247090 mennekes,"51.93144,4.48193"
448193,5193144,51.93144,4.48193,Tollensstraat 41 Rotterdam,Rotterdam,Krachtstroom EV-Box EVB-P1247090 mennekes,"51.93144,4.48193"
448287,5189907,51.89907,4.48287,Wodanstraat 1121 Rotterdam,Rotterdam,Krachtstroom EV-Box EVB-P1309129 mennekes,"51.89907,4.48287"
448287,5189907,51.89907,4.48287,Wodanstraat 1121 Rotterdam,Rotterdam,Krachtstroom EV-Box EVB-P1309129 mennekes,"51.89907,4.48287"
4483082,51923044,51.923044,4.483082,Lombardkade 86d Rotterdam,Rotterdam,Krachtstroom E-laad REE012 mennekes,"51.923044,4.483082"
448329,5192291,51.92291,4.48329,Delftsevaart 24 Rotterdam,Rotterdam,Krachtstroom EV-Box EVB-P1247082 mennekes,"51.92291,4.48329"
448329,5192291,51.92291,4.48329,Delftsevaart 24 Rotterdam,Rotterdam,Krachtstroom EV-Box EVB-P1247082 mennekes,"51.92291,4.48329"
44835,5191955,51.91955,4.4835,Blaak 333 Rotterdam,Rotterdam,Krachtstroom EV-Box EVB-P1317002 mennekes,"51.91955,4.4835"
44835,5191955,51.91955,4.4835,Blaak 333 Rotterdam,Rotterdam,Krachtstroom EV-Box EVB-P1317002 mennekes,"51.91955,4.4835"
4.48481E+13,5.19047E+13,51.90469509,4.484809041,Wilhelminakade 981 Rotterdam,Rotterdam,Krachtstroom Parkeergarage P1 World Port Center mennekes,"51.904695090349,4.4848090410233"
448486,519204,51.9204,4.48486,Zijl 7 Rotterdam,Rotterdam,Krachtstroom EV-Box EVB-P1247003 mennekes,"51.9204,4.48486"
448486,519204,51.9204,4.48486,Zijl 7 Rotterdam,Rotterdam,Krachtstroom EV-Box EVB-P1247003 mennekes,"51.9204,4.48486"
448592,5191408,51.91408,4.48592,Terwenakker 18 Rotterdam,Rotterdam,Krachtstroom EV-Box EVB-P1228037 mennekes,"51.91408,4.48592"
448592,5191408,51.91408,4.48592,Terwenakker 18 Rotterdam,Rotterdam,Krachtstroom EV-Box EVB-P1228037 mennekes,"51.91408,4.48592"
448592,5191408,51.91408,4.48592,Terwenakker 18 Rotterdam,Rotterdam,Krachtstroom EV-Box EVB-P1228037 mennekes,"51.91408,4.48592"
448592,5191408,51.91408,4.48592,Terwenakker 18 Rotterdam,Rotterdam,Krachtstroom EV-Box EVB-P1228037 mennekes,"51.91408,4.48592"
448592,5191408,51.91408,4.48592,Terwenakker 18 Rotterdam,Rotterdam,Krachtstroom EV-Box EVB-P1228037 mennekes,"51.91408,4.48592"
448592,5191408,51.91408,4.48592,Terwenakker 18 Rotterdam,Rotterdam,Krachtstroom EV-Box EVB-P1228037 mennekes,"51.91408,4.48592"
44863,5194428,51.94428,4.4863,Bergse Rechter Rottekade 13 Rotterdam,Rotterdam,Krachtstroom EV-Box EVB-P1309024 mennekes,"51.94428,4.4863"
44863,5194428,51.94428,4.4863,Bergse Rechter Rottekade 13 Rotterdam,Rotterdam,Krachtstroom EV-Box EVB-P1309024 mennekes,"51.94428,4.4863"
448684,5188397,51.88397,4.48684,Zuiderparkplein 20 Rotterdam,Rotterdam,Stopcontact EV-Box EVB-P1316008 mennekes,"51.88397,4.48684"
448693,5188401,51.88401,4.48693,Zuiderparkplein 20 Rotterdam,Rotterdam,Stopcontact EV-Box EVB-P1321010 mennekes,"51.88401,4.48693"
448693,5188401,51.88401,4.48693,Zuiderparkplein 20 Rotterdam,Rotterdam,Stopcontact EV-Box EVB-P1321010 mennekes,"51.88401,4.48693"
4487223,51922661,51.922661,4.487223,Botersloot 141 Rotterdam,Rotterdam,Krachtstroom E-laad AL758 mennekes,"51.922661,4.487223"
4.48823E+14,5.19063E+14,51.90634918,4.488231182,Wilhelminakade 54 Rotterdam,Rotterdam,Stopcontact NewMotion 02001637 mennekes,"51.9063491821289,4.48823118209839"
4.48823E+14,5.19063E+14,51.90634918,4.488231182,Wilhelminakade 54 Rotterdam,Rotterdam,Stopcontact NewMotion 01000319 mennekes,"51.9063491821289,4.48823118209839"
4.48823E+14,5.19063E+14,51.90634918,4.488231182,Holland Amerikakade 900 Rotterdam,Rotterdam,Stopcontact NewMotion 02001619 mennekes,"51.9063491821289,4.48823118209839"
4.48823E+14,5.19063E+14,51.90634918,4.488231182,Wilhelminakade 54 Rotterdam,Rotterdam,Stopcontact NewMotion 02001633 mennekes,"51.9063491821289,4.48823118209839"
449017,5188309,51.88309,4.49017,Zuiderparkplein 40 Rotterdam,Rotterdam,Stopcontact EV-Box EVB-P1228064 mennekes,"51.88309,4.49017"
449017,5188309,51.88309,4.49017,Zuiderparkplein 40 Rotterdam,Rotterdam,Stopcontact EV-Box EVB-P1228064 mennekes,"51.88309,4.49017"
449017,5188309,51.88309,4.49017,Zuiderparkplein 40 Rotterdam,Rotterdam,Stopcontact EV-Box EVB-P1228064 mennekes,"51.88309,4.49017"
449018,5191108,51.91108,4.49018,Prins Hendriklaan 9 Rotterdam,Rotterdam,Krachtstroom EV-Box EVB-P1247083 mennekes,"51.91108,4.49018"
449018,5191108,51.91108,4.49018,Prins Hendriklaan 9 Rotterdam,Rotterdam,Krachtstroom EV-Box EVB-P1247083 mennekes,"51.91108,4.49018"
4490613,51922441,51.922441,4.490613,Mariniershof 10 Rotterdam,Rotterdam,Krachtstroom E-laad AL716 mennekes,"51.922441,4.490613"
449097,5196527,51.96527,4.49097,Athenastraat 9 Rotterdam,Rotterdam,Krachtstroom EV-Box EVB-P1247013 mennekes,"51.96527,4.49097"
449097,5196527,51.96527,4.49097,Athenastraat 9 Rotterdam,Rotterdam,Krachtstroom EV-Box EVB-P1247013 mennekes,"51.96527,4.49097"
449142,5196312,51.96312,4.49142,Apollostraat 139 Rotterdam,Rotterdam,Stopcontact C. van der Welle schuko,"51.96312,4.49142"
4.49145E+14,5.18867E+14,51.88669968,4.491449833,Twentestraat 26 Rotterdam,Rotterdam,Stopcontact NewMotion 01000553 mennekes,"51.8866996765137,4.49144983291625"
4.49145E+14,5.18867E+14,51.88669968,4.491449833,Twentestraat 26 Rotterdam,Rotterdam,Stopcontact NewMotion 01000593 mennekes,"51.8866996765137,4.49144983291625"
4.49153E+13,5.18871E+13,51.88713922,4.491528866,Twentestraat 10 Rotterdam,Rotterdam,Krachtstroom Q-Park Zuidplein mennekes,"51.887139224694,4.4915288662704"
449218,5195617,51.95617,4.49218,Hilleniussingel 9 Rotterdam,Rotterdam,Krachtstroom EV-Box EVB-P1250127 mennekes,"51.95617,4.49218"
449218,5195617,51.95617,4.49218,Hilleniussingel 9 Rotterdam,Rotterdam,Krachtstroom EV-Box EVB-P1250127 mennekes,"51.95617,4.49218"
4.49355E+14,5.18853E+14,51.88529968,4.493549824,Casimirstraat 1-6 Rotterdam,Rotterdam,Stopcontact NewMotion 01000549 mennekes,"51.8852996826172,4.49354982376099"
4.49355E+14,5.18853E+14,51.88529968,4.493549824,Casimirstraat 1-6 Rotterdam,Rotterdam,Stopcontact NewMotion 01000558 mennekes,"51.8852996826172,4.49354982376099"
449395,5191433,51.91433,4.49395,Maaskade 89 Rotterdam,Rotterdam,Krachtstroom EV-Box EVB-P1306041 mennekes,"51.91433,4.49395"
449395,5191433,51.91433,4.49395,Maaskade 89 Rotterdam,Rotterdam,Krachtstroom EV-Box EVB-P1306041 mennekes,"51.91433,4.49395"
449453,518752,51.8752,4.49453,Langenhorst 241 Rotterdam,Rotterdam,Krachtstroom EV-Box EVB-P1250024 mennekes,"51.8752,4.49453"
449453,518752,51.8752,4.49453,Langenhorst 241 Rotterdam,Rotterdam,Krachtstroom EV-Box EVB-P1250024 mennekes,"51.8752,4.49453"
449479,5192403,51.92403,4.49479,Herman Robbersstraat  Rotterdam,Rotterdam,Krachtstroom EV-Box EVB-P1250021 mennekes,"51.92403,4.49479"
449479,5192403,51.92403,4.49479,Herman Robbersstraat  Rotterdam,Rotterdam,Krachtstroom EV-Box EVB-P1250021 mennekes,"51.92403,4.49479"
449526,5191927,51.91927,4.49526,Haringvliet 90 Rotterdam,Rotterdam,Krachtstroom EV-Box EVB-P1309028 mennekes,"51.91927,4.49526"
449526,5191927,51.91927,4.49526,Haringvliet 90 Rotterdam,Rotterdam,Krachtstroom EV-Box EVB-P1309028 mennekes,"51.91927,4.49526"
4496833,51922371,51.922371,4.496833,Burgemeester van Walsumweg 2 Rotterdam,Rotterdam,Stopcontact Mega Bike Megastore schuko,"51.922371,4.496833"
449731,5192129,51.92129,4.49731,Haringvliet 25 Rotterdam,Rotterdam,Krachtstroom EV-Box EVB-P1309023 mennekes,"51.92129,4.49731"
449731,5192129,51.92129,4.49731,Haringvliet 25 Rotterdam,Rotterdam,Krachtstroom EV-Box EVB-P1309023 mennekes,"51.92129,4.49731"
449896,51960954,51.960954,4.49896,Breitnersingel 1 Rotterdam,Rotterdam,Krachtstroom E-laad REE070 mennekes,"51.960954,4.49896"
4499062,51900435,51.900435,4.499062,Paul Krugerstraat 113b Rotterdam,Rotterdam,Krachtstroom E-laad REE062 mennekes,"51.900435,4.499062"
449997,5196211,51.96211,4.49997,Molenlaan 61 Rotterdam,Rotterdam,Krachtstroom EV-Box EVB-P1309007 mennekes,"51.96211,4.49997"
449997,5196211,51.96211,4.49997,Molenlaan 61 Rotterdam,Rotterdam,Krachtstroom EV-Box EVB-P1309007 mennekes,"51.96211,4.49997"
450022,519598,51.9598,4.50022,Breitnersingel 25 Rotterdam,Rotterdam,Stopcontact EV-Box EVB-P1317050 mennekes,"51.9598,4.50022"
4500666,51915578,51.915578,4.500666,Prins Hendrikkade 10 Rotterdam,Rotterdam,Krachtstroom E-laad REE033 mennekes,"51.915578,4.500666"
450205,5195766,51.95766,4.50205,Burgemeester Le Fèvre de Montignyplein 4 Rotterdam,Rotterdam,Krachtstroom EV-Box EVB-P1306023 mennekes,"51.95766,4.50205"
450205,5195766,51.95766,4.50205,Burgemeester Le Fèvre de Montignyplein 4 Rotterdam,Rotterdam,Krachtstroom EV-Box EVB-P1306023 mennekes,"51.95766,4.50205"
450229,5192541,51.92541,4.50229,Vredenoordlaan 44 Rotterdam,Rotterdam,Krachtstroom EV-Box EVB-P1309015 mennekes,"51.92541,4.50229"
450229,5192541,51.92541,4.50229,Vredenoordlaan 44 Rotterdam,Rotterdam,Krachtstroom EV-Box EVB-P1309015 mennekes,"51.92541,4.50229"
4.50295E+14,5.19217E+14,51.9217106,4.502954577,Admiraliteitskade 62 Rotterdam,Rotterdam,Krachtstroom EV-Box EVB-P1243123 mennekes,"51.9217105975453,4.50295457672121"
4.50295E+14,5.19217E+14,51.9217106,4.502954577,Admiraliteitskade 62 Rotterdam,Rotterdam,Krachtstroom EV-Box EVB-P1243123 mennekes,"51.9217105975453,4.50295457672121"
4.50295E+14,5.19217E+14,51.9217106,4.502954577,Admiraliteitskade 62 Rotterdam,Rotterdam,Krachtstroom EV-Box EVB-P1243123 mennekes,"51.9217105975453,4.50295457672121"
4.50295E+14,5.19217E+14,51.9217106,4.502954577,Admiraliteitskade 62 Rotterdam,Rotterdam,Krachtstroom EV-Box EVB-P1243123 mennekes,"51.9217105975453,4.50295457672121"
450398,5192217,51.92217,4.50398,Oostzeedijk Beneden 161 Rotterdam,Rotterdam,Krachtstroom EV-Box EVB-P1250126 mennekes,"51.92217,4.50398"
450398,5192217,51.92217,4.50398,Oostzeedijk Beneden 161 Rotterdam,Rotterdam,Krachtstroom EV-Box EVB-P1250126 mennekes,"51.92217,4.50398"
4504407,51881886,51.881886,4.504407,Dordtsestraatweg 641 Rotterdam,Rotterdam,Stopcontact Ronald Berkenpeis Tweewielers schuko,"51.881886,4.504407"
450587,5192992,51.92992,4.50587,Jericholaan 70- Rotterdam,Rotterdam,Krachtstroom EV-Box EVB-P1250094 mennekes,"51.92992,4.50587"
450587,5192992,51.92992,4.50587,Jericholaan 70- Rotterdam,Rotterdam,Krachtstroom EV-Box EVB-P1250094 mennekes,"51.92992,4.50587"
4.5074E+14,5.19308E+14,51.93084717,4.507400036,2e Jerichostraat 13 Rotterdam,Rotterdam,Stopcontact NewMotion 02003928 mennekes,"51.9308471679688,4.50740003585815"
4510043,51926841,51.926841,4.510043,Willem Ruyslaan 5b Rotterdam,Rotterdam,Krachtstroom Essent EM-NL-00000599-02-00001 mennekes,"51.926841,4.510043"
4510043,51926841,51.926841,4.510043,Willem Ruyslaan 5b Rotterdam,Rotterdam,Krachtstroom Essent EM-NL-00000599-02-00001 mennekes,"51.926841,4.510043"
4510556,51920903,51.920903,4.510556,Voorschoterlaan 186 Rotterdam,Rotterdam,Krachtstroom E-laad REE083 mennekes,"51.920903,4.510556"
451284,5192012,51.92012,4.51284,Oostzeedijk 32 Rotterdam,Rotterdam,Krachtstroom EV-Box EVB-P1250093 mennekes,"51.92012,4.51284"
451284,5192012,51.92012,4.51284,Oostzeedijk 32 Rotterdam,Rotterdam,Krachtstroom EV-Box EVB-P1250093 mennekes,"51.92012,4.51284"
4512897,51948588,51.948588,4.512897,Meerum Terwogtlaan 253 Rotterdam,Rotterdam,Krachtstroom E-laad REE096 mennekes,"51.948588,4.512897"
451313,5192392,51.92392,4.51313,Lusthofstraat 30 Rotterdam,Rotterdam,Krachtstroom EV-Box EVB-P1309120 mennekes,"51.92392,4.51313"
451313,5192392,51.92392,4.51313,Lusthofstraat 30 Rotterdam,Rotterdam,Krachtstroom EV-Box EVB-P1309120 mennekes,"51.92392,4.51313"
451334,51924954,51.924954,4.51334,Voorschoterlaan 15 Rotterdam,Rotterdam,Krachtstroom E-laad AL663 mennekes,"51.924954,4.51334"
4513409,51924923,51.924923,4.513409,Voorschoterlaan 8 Rotterdam,Rotterdam,Krachtstroom E-laad AL666 mennekes,"51.924923,4.513409"
451371,5192167,51.92167,4.51371,Hoflaan 7173 Rotterdam,Rotterdam,Krachtstroom EV-Box EVB-P1309119 mennekes,"51.92167,4.51371"
451371,5192167,51.92167,4.51371,Hoflaan 7173 Rotterdam,Rotterdam,Krachtstroom EV-Box EVB-P1309119 mennekes,"51.92167,4.51371"
451756,5192787,51.92787,4.51756,Kralingse Plaslaan 1 Rotterdam,Rotterdam,Krachtstroom EV-Box EVB-P1250003 mennekes,"51.92787,4.51756"
451756,5192787,51.92787,4.51756,Kralingse Plaslaan 1 Rotterdam,Rotterdam,Krachtstroom EV-Box EVB-P1250003 mennekes,"51.92787,4.51756"
452072,5190724,51.90724,4.52072,Buitenbassinweg 675 Rotterdam,Rotterdam,Krachtstroom EV-Box EVB-P1309014 mennekes,"51.90724,4.52072"
452072,5190724,51.90724,4.52072,Buitenbassinweg 675 Rotterdam,Rotterdam,Krachtstroom EV-Box EVB-P1309014 mennekes,"51.90724,4.52072"
4524842,51874828,51.874828,4.524842,Dantestraat 470 Rotterdam,Rotterdam,Stopcontact Jim Pierot schuko,"51.874828,4.524842"
4524922157,51882888365,51.88288837,4.524922157,Aristotelesstraat 34 Rotterdam,Rotterdam,Krachtstroom E-laad AL706 mennekes,"51.882888365,4.524922157"
452541,5189361,51.89361,4.52541,Van Zandvlietplein 3 Rotterdam,Rotterdam,Krachtstroom NRGSPOT Feyenoord mennekes,"51.89361,4.52541"
452568,5191815,51.91815,4.52568,Burgemeester Oudlaan 50 Rotterdam,Rotterdam,Krachtstroom EV-Box EVB-P1228052 mennekes,"51.91815,4.52568"
452568,5191815,51.91815,4.52568,Burgemeester Oudlaan 50 Rotterdam,Rotterdam,Krachtstroom EV-Box EVB-P1228053 mennekes,"51.91815,4.52568"
452568,5191815,51.91815,4.52568,Burgemeester Oudlaan 50 Rotterdam,Rotterdam,Krachtstroom EV-Box EVB-P1228053 mennekes,"51.91815,4.52568"
452568,5191815,51.91815,4.52568,Burgemeester Oudlaan 50 Rotterdam,Rotterdam,Krachtstroom EV-Box EVB-P1228053 mennekes,"51.91815,4.52568"
452568,5191815,51.91815,4.52568,Burgemeester Oudlaan 50 Rotterdam,Rotterdam,Krachtstroom EV-Box EVB-P1228053 mennekes,"51.91815,4.52568"
453296,5187315,51.87315,4.53296,Ridderkerkstraat 27 Rotterdam,Rotterdam,Krachtstroom EV-Box EVB-P1247011 mennekes,"51.87315,4.53296"
453296,5187315,51.87315,4.53296,Ridderkerkstraat 27 Rotterdam,Rotterdam,Krachtstroom EV-Box EVB-P1247011 mennekes,"51.87315,4.53296"
453429,5187056,51.87056,4.53429,Kinderdijkstraat 49 Rotterdam,Rotterdam,Krachtstroom EV-Box EVB-P1247073 mennekes,"51.87056,4.53429"
453429,5187056,51.87056,4.53429,Kinderdijkstraat 49 Rotterdam,Rotterdam,Krachtstroom EV-Box EVB-P1247073 mennekes,"51.87056,4.53429"
453454,5187449,51.87449,4.53454,Bolnesstraat 16 Rotterdam,Rotterdam,Stopcontact EV-Box EVB-P1239055 mennekes,"51.87449,4.53454"
453626,5192815,51.92815,4.53626,Kralingseweg 224 Rotterdam,Rotterdam,Krachtstroom EV-Box EVB-P1309025 mennekes,"51.92815,4.53626"
453626,5192815,51.92815,4.53626,Kralingseweg 224 Rotterdam,Rotterdam,Krachtstroom EV-Box EVB-P1309025 mennekes,"51.92815,4.53626"
45379,519162,51.9162,4.5379,Fascinatio Boulevard 350 Rotterdam,Rotterdam,Krachtstroom EV-Box EVB-P1313018 mennekes,"51.9162,4.5379"
45379,519162,51.9162,4.5379,Fascinatio Boulevard 350 Rotterdam,Rotterdam,Krachtstroom EV-Box EVB-P1313018 mennekes,"51.9162,4.5379"
45379,519162,51.9162,4.5379,Fascinatio Boulevard 350 Rotterdam,Rotterdam,Krachtstroom EV-Box EVB-P1313018 mennekes,"51.9162,4.5379"
45379,519162,51.9162,4.5379,Fascinatio Boulevard 350 Rotterdam,Rotterdam,Krachtstroom EV-Box EVB-P1313018 mennekes,"51.9162,4.5379"
45379,519162,51.9162,4.5379,Fascinatio Boulevard 350 Rotterdam,Rotterdam,Krachtstroom EV-Box EVB-P1313018 mennekes,"51.9162,4.5379"
45379,519162,51.9162,4.5379,Fascinatio Boulevard 350 Rotterdam,Rotterdam,Krachtstroom EV-Box EVB-P1313018 mennekes,"51.9162,4.5379"
4539119,5188065,51.88065,4.539119,Hordijk 22 Rotterdam,Rotterdam,Stopcontact Kleingeld Tweewielers schuko,"51.88065,4.539119"
4539821492,51945248495,51.9452485,4.539821492,Jacob van Akenstraat 2 Rotterdam,Rotterdam,Krachtstroom E-laad REE244 mennekes,"51.945248495,4.539821492"
454124,5189391,51.89391,4.54124,Lampsinsstraat 19 Rotterdam,Rotterdam,Krachtstroom EV-Box EVB-P1305094 mennekes,"51.89391,4.54124"
454124,5189391,51.89391,4.54124,Lampsinsstraat 19 Rotterdam,Rotterdam,Krachtstroom EV-Box EVB-P1305094 mennekes,"51.89391,4.54124"
454275,5193658,51.93658,4.54275,Hermine Moquettestraat 40 Rotterdam,Rotterdam,Krachtstroom EV-Box EVB-P1309123 mennekes,"51.93658,4.54275"
454275,5193658,51.93658,4.54275,Hermine Moquettestraat 40 Rotterdam,Rotterdam,Krachtstroom EV-Box EVB-P1309123 mennekes,"51.93658,4.54275"
454275,5193658,51.93658,4.54275,Hermine Moquettestraat 40 Rotterdam,Rotterdam,Krachtstroom EV-Box EVB-P1309123 mennekes,"51.93658,4.54275"
454307,5194825,51.94825,4.54307,Metaalstraat 5 Rotterdam,Rotterdam,Snellader NewMotion NL-TNM-FC09 chademo,"51.94825,4.54307"
454369,519344,51.9344,4.54369,Marie van Eijsden-Vinkstraat 82 Rotterdam,Rotterdam,Krachtstroom EV-Box EVB-P1247014 mennekes,"51.9344,4.54369"
454369,519344,51.9344,4.54369,Marie van Eijsden-Vinkstraat 82 Rotterdam,Rotterdam,Krachtstroom EV-Box EVB-P1247014 mennekes,"51.9344,4.54369"
454451,5195937,51.95937,4.54451,Marshallweg 45 Rotterdam,Rotterdam,Krachtstroom EV-Box EVB-P1309117 mennekes,"51.95937,4.54451"
454451,5195937,51.95937,4.54451,Marshallweg 45 Rotterdam,Rotterdam,Krachtstroom EV-Box EVB-P1309117 mennekes,"51.95937,4.54451"
454867,5188689,51.88689,4.54867,Herenwaard 23 Rotterdam,Rotterdam,Stopcontact NRGSPOT IJsselmonde schuko,"51.88689,4.54867"
454868,5194689,51.94689,4.54868,Wormserstraat 12 Rotterdam,Rotterdam,Krachtstroom EV-Box EVB-P1305039 mennekes,"51.94689,4.54868"
454868,5194689,51.94689,4.54868,Wormserstraat 12 Rotterdam,Rotterdam,Krachtstroom EV-Box EVB-P1305039 mennekes,"51.94689,4.54868"
455135,5197011,51.97011,4.55135,Elsbes 4 Rotterdam,Rotterdam,Krachtstroom EV-Box EVB-P1247016 mennekes,"51.97011,4.55135"
455135,5197011,51.97011,4.55135,Elsbes 4 Rotterdam,Rotterdam,Krachtstroom EV-Box EVB-P1247016 mennekes,"51.97011,4.55135"
4551597,51963192,51.963192,4.551597,Pearl Buckplaats 27 Rotterdam,Rotterdam,Stopcontact Profile Roerade schuko,"51.963192,4.551597"
455282,5196331,51.96331,4.55282,Pearl Buckplaats 21 Rotterdam,Rotterdam,Stopcontact EV-Box EVB-P1247097 mennekes,"51.96331,4.55282"
455386,5194995,51.94995,4.55386,Pegasusweg 130 Rotterdam,Rotterdam,Krachtstroom EV-Box EVB-P1306024 mennekes,"51.94995,4.55386"
455386,5194995,51.94995,4.55386,Pegasusweg 130 Rotterdam,Rotterdam,Krachtstroom EV-Box EVB-P1306024 mennekes,"51.94995,4.55386"
4555820272,51964176753,51.96417675,4.555820272,Mosweg 63 Rotterdam,Rotterdam,Krachtstroom E-laad REE243 mennekes,"51.964176753,4.555820272"
4555925,51881828,51.881828,4.555925,Brittenoord 63 Rotterdam,Rotterdam,Krachtstroom E-laad AL699 mennekes,"51.881828,4.555925"
4555934,519468,51.9468,4.555934,Kreeftstraat 4 Rotterdam,Rotterdam,Stopcontact Van Dijk Tweewielers schuko,"51.9468,4.555934"
4558208371,51903129088,51.90312909,4.558208371,Regenboogkade 45 Rotterdam,Rotterdam,Krachtstroom E-laad AL807 mennekes,"51.903129088,4.558208371"
4559481,51929977,51.929977,4.559481,Jacques Dutilhweg 201 Rotterdam,Rotterdam,Stopcontact Biketotaal Boom Tweewielers schuko,"51.929977,4.559481"
456013,5192964,51.92964,4.56013,Pieter Klapwijkstraat 19 Rotterdam,Rotterdam,Krachtstroom EV-Box EVB-P1309018 mennekes,"51.92964,4.56013"
456013,5192964,51.92964,4.56013,Pieter Klapwijkstraat 19 Rotterdam,Rotterdam,Krachtstroom EV-Box EVB-P1309018 mennekes,"51.92964,4.56013"
456013,5192964,51.92964,4.56013,Pieter Klapwijkstraat 19 Rotterdam,Rotterdam,Krachtstroom EV-Box EVB-P1309018 mennekes,"51.92964,4.56013"
456013,5192964,51.92964,4.56013,Pieter Klapwijkstraat 19 Rotterdam,Rotterdam,Krachtstroom EV-Box EVB-P1309018 mennekes,"51.92964,4.56013"
4.56044E+13,5.19512E+13,51.95124414,4.560436018,Watermanweg 231 Rotterdam,Rotterdam,Krachtstroom Q-Park Alexandrium Woonmall mennekes,"51.951244141167,4.5604360176521"
4.56131E+14,519514974,51.9514974,4.5613131,Watermanweg 45 Rotterdam,Rotterdam,Stopcontact NewMotion 01000560 mennekes,"51.9514974,4.56131310000001"
4.56131E+14,519514974,51.9514974,4.5613131,Watermanweg 45 Rotterdam,Rotterdam,Stopcontact NewMotion 01000559 mennekes,"51.9514974,4.56131310000001"
456138,5192743,51.92743,4.56138,Jan van Tilburgstraat  Rotterdam,Rotterdam,Krachtstroom EV-Box EVB-P1247002 mennekes,"51.92743,4.56138"
456138,5192743,51.92743,4.56138,Jan van Tilburgstraat  Rotterdam,Rotterdam,Krachtstroom EV-Box EVB-P1247002 mennekes,"51.92743,4.56138"
45624,5196412,51.96412,4.5624,Zevenkampse Ring 728 Rotterdam,Rotterdam,Krachtstroom EV-Box EVB-P1309115 mennekes,"51.96412,4.5624"
45624,5196412,51.96412,4.5624,Zevenkampse Ring 728 Rotterdam,Rotterdam,Krachtstroom EV-Box EVB-P1309115 mennekes,"51.96412,4.5624"
45627,5192679,51.92679,4.5627,François Nivardstraat 18 Rotterdam,Rotterdam,Krachtstroom EV-Box EVB-P1306049 mennekes,"51.92679,4.5627"
456846,5196653,51.96653,4.56846,Arthur van Schendeldreef 177 Rotterdam,Rotterdam,Krachtstroom EV-Box EVB-P1247015 mennekes,"51.96653,4.56846"
456846,5196653,51.96653,4.56846,Arthur van Schendeldreef 177 Rotterdam,Rotterdam,Krachtstroom EV-Box EVB-P1247015 mennekes,"51.96653,4.56846"
456994,5197017,51.97017,4.56994,Paul Whitemansingel 116 Rotterdam,Rotterdam,Krachtstroom EV-Box EVB-P1309122 mennekes,"51.97017,4.56994"
456994,5197017,51.97017,4.56994,Paul Whitemansingel 116 Rotterdam,Rotterdam,Krachtstroom EV-Box EVB-P1309122 mennekes,"51.97017,4.56994"
4569981,51965103,51.965103,4.569981,Ambachtsplein 209 Rotterdam,Rotterdam,Stopcontact Frensch Zevenkamp schuko,"51.965103,4.569981"
4584097052,51985183598,51.9851836,4.584097052,Kretalaan 12 Rotterdam,Rotterdam,Krachtstroom E-laad AL805 mennekes,"51.985183598,4.584097052"
4584209492,51982478511,51.98247851,4.584209492,Menorcalaan 30 Rotterdam,Rotterdam,Krachtstroom E-laad REE209 mennekes,"51.982478511,4.584209492"
,,,,,,,
,,51.9851836,,,,,
